<?xml version="1.0" encoding="UTF-8"?>
<configuration debug="false">
    <statusListener class="ch.qos.logback.core.status.NopStatusListener" />
    <appender name="STDOUT" class="ch.qos.logback.core.ConsoleAppender">
        <encoder>
<!--            <pattern>%d{HH:mm:ss.SSS} %boldCyan(%-34.-34thread) %red(%10.10X{jda.shard}) %boldGreen(%-15.-15logger{0}) %highlight(%-6level) %msg%n</pattern>-->
            <pattern>[%d{dd-MM-yyyy HH:mm:ss, -5}] [%boldCyan(%thread)] [%boldGreen(%logger{36})] %level - %msg%n</pattern>
        </encoder>
    </appender>

<!--    <root level="debug">-->
    <root level="info">
        <appender-ref ref="STDOUT" />
    </root>

</configuration>
