<?xml version="1.0" encoding="UTF-8"?>
<!--
  ~ Skybot, a multipurpose discord bot
  ~      Copyright (C) 2017  Duncan "duncte123" Sterken & Ramid "ramidzkh" Khan & Maurice R S "Sanduhr32"
  ~
  ~ This program is free software: you can redistribute it and/or modify
  ~ it under the terms of the GNU Affero General Public License as published
  ~ by the Free Software Foundation, either version 3 of the License, or
  ~ (at your option) any later version.
  ~
  ~ This program is distributed in the hope that it will be useful,
  ~ but WITHOUT ANY WARRANTY; without even the implied warranty of
  ~ MERCHANTABILITY or FITNESS FOR A PARTICULAR PURPOSE.  See the
  ~ GNU Affero General Public License for more details.
  ~
  ~ You should have received a copy of the GNU Affero General Public License
  ~ along with this program.  If not, see <https://www.gnu.org/licenses/>.
  -->

<configuration>
    <appender name="STDOUT" class="ch.qos.logback.core.ConsoleAppender">
        <encoder>
            <pattern>%d{dd-MM-yyyy HH:mm:ss} %boldCyan(%thread) %red(%X{jda.shard}) %boldGreen(%-15.-15logger{0}) %highlight(%-6level) %msg%n</pattern>
        </encoder>
    </appender>

    <appender name="Sentry" class="io.sentry.logback.SentryAppender">
<!--    <appender name="Sentry" class="ch.qos.logback.core.ConsoleAppender">-->
        <filter class="ch.qos.logback.classic.filter.ThresholdFilter">
            <level>ERROR</level>
        </filter>

        <filter class="ml.duncte123.skybot.logging.SentryFilter"/>

        <!--<encoder>
            <pattern>SENTRY - %msg%n</pattern>
        </encoder>-->
    </appender>

    <logger name="ml.duncte123.skybot.ShardWatcher" level="off" />
    <logger name="net.notfab.caching.client.CacheClient" level="off" />

    <root level="info">
        <appender-ref ref="STDOUT" />
        <appender-ref ref="Sentry"/>
    </root>
</configuration>
