<?xml version="1.0"?>

<!--
  ~ Skybot, a multipurpose discord bot
  ~      Copyright (C) 2017  Duncan "duncte123" Sterken & Ramid "ramidzkh" Khan & Maurice R S "Sanduhr32"
  ~
  ~ This program is free software: you can redistribute it and/or modify
  ~ it under the terms of the GNU Affero General Public License as published
  ~ by the Free Software Foundation, either version 3 of the License, or
  ~ (at your option) any later version.
  ~
  ~ This program is distributed in the hope that it will be useful,
  ~ but WITHOUT ANY WARRANTY; without even the implied warranty of
  ~ MERCHANTABILITY or FITNESS FOR A PARTICULAR PURPOSE.  See the
  ~ GNU Affero General Public License for more details.
  ~
  ~ You should have received a copy of the GNU Affero General Public License
  ~ along with this program.  If not, see <https://www.gnu.org/licenses/>.
  -->

<ruleset name="Custom Rules"
         xmlns="http://pmd.sourceforge.net/ruleset/2.0.0"
         xmlns:xsi="http://www.w3.org/2001/XMLSchema-instance"
         xsi:schemaLocation="http://pmd.sourceforge.net/ruleset/2.0.0 https://pmd.sourceforge.io/ruleset_2_0_0.xsd">

    <!-- Rules are listed here: https://pmd.github.io/pmd-6.28.0/pmd_rules_java.html -->
    <description>
        My custom rules
    </description>

    <rule ref="category/java/bestpractices.xml">
        <exclude name="ArrayIsStoredDirectly"/>
        <exclude name="AvoidPrintStackTrace"/>
        <exclude name="GuardLogStatement"/>
        <exclude name="UseVarargs"/>
        <exclude name="MethodReturnsInternalArray"/>
    </rule>

    <rule ref="category/java/codestyle.xml">
        <exclude name="AtLeastOneConstructor"/>
        <exclude name="CallSuperInConstructor"/>
        <exclude name="MethodArgumentCouldBeFinal"/>
        <exclude name="OnlyOneReturn"/>
        <exclude name="UseUnderscoresInNumericLiterals"/>
        <exclude name="TooManyStaticImports"/>
        <exclude name="DefaultPackage"/>
        <exclude name="LinguisticNaming"/>
    </rule>

    <rule ref="category/java/codestyle.xml/LongVariable">
        <properties>
            <property name="minimum" value="30" />
        </properties>
    </rule>

    <rule ref="category/java/design.xml">
        <exclude name="AvoidCatchingGenericException"/>
        <exclude name="AvoidUncheckedExceptionsInSignatures"/>
        <exclude name="ClassWithOnlyPrivateConstructorsShouldBeFinal"/>
        <exclude name="LoosePackageCoupling"/>
        <exclude name="LawOfDemeter"/>
        <exclude name="CyclomaticComplexity"/>
        <exclude name="GodClass"/>
        <exclude name="DataClass"/>
        <exclude name="ExcessiveImports"/>
        <exclude name="TooManyMethods"/>
        <exclude name="NcssCount"/>
        <exclude name="ExcessiveMethodLength"/>
    </rule>

    <rule ref="category/java/design.xml/NPathComplexity">
        <properties>
            <property name="reportLevel" value="550" />
        </properties>
    </rule>

    <rule ref="category/java/errorprone.xml/AssignmentInOperand">
        <properties>
            <property name="allowIf" value="false" />
            <property name="allowFor" value="false" />
            <property name="allowWhile" value="true" />
            <property name="allowIncrementDecrement" value="false" />
        </properties>
    </rule>

    <!--<rule ref="category/java/documentation.xml">
        <exclude name="AtLeastOneConstructor"/>
    </rule>-->

    <rule ref="category/java/errorprone.xml">
        <exclude name="AvoidCatchingThrowable"/>
        <exclude name="CallSuperFirst"/>
        <exclude name="CallSuperLast"/>
        <exclude name="CloseResource"/>
        <exclude name="DoNotCallGarbageCollectionExplicitly"/>
        <exclude name="DoNotTerminateVM"/>
        <exclude name="MissingSerialVersionUID"/>
        <exclude name="OverrideBothEqualsAndHashcode"/>
        <exclude name="BeanMembersShouldSerialize"/>
        <exclude name="AvoidLiteralsInIfCondition"/>
        <exclude name="UseLocaleWithCaseConversions"/>
        <exclude name="AvoidDuplicateLiterals"/>
        <exclude name="SimpleDateFormatNeedsLocale"/>
    </rule>

    <rule ref="category/java/multithreading.xml">
        <exclude name="DoNotUseThreads"/>
    </rule>

    <rule ref="category/java/performance.xml">
        <exclude name="InsufficientStringBufferDeclaration"/>
        <exclude name="RedundantFieldInitializer"/>
        <!-- TODO: fix this issue -->
        <exclude name="AvoidInstantiatingObjectsInLoops"/>
        <exclude name="UseStringBufferForStringAppends"/>
    </rule>

    <rule ref="category/java/security.xml"/>

</ruleset>
